{
  "sec3b": {
    "clip_mean_without_name": 0.7043738385041555,
    "clip_std_without_name": 0.06490907964206989,
    "clip_mean_with_name": 0.7774020612239838,
    "clip_std_with_name": 0.04484185502999227,
    "n": 30
  }
}