{
  "sec4": {
    "gss_base": 0.2487714746889348,
    "gss_named": 0.529807186126709,
    "gap": 0.28103571143777417,
    "n_images": 30
  }
}